trial_nr	onset	event_type	phase	response	nr_frames	onset_abs	duration
	0.0069046666685608216	instruction	0		0	3.3736234166644863	3.00727304166503
